[{"model": "ykea.item", "pk": 1, "fields": {"item_number": "09186777", "name": "KONGSWDFJORD", "description": "Divan bed, Hyllestad firm, Tustna dark grey", "price": "1488.00", "is_new": true, "size": "160x200 cm", "instructions": "ykea/static/files/gronlid-estructura-reposabrazos__AA-2053706-1_pub_ocQkjCR.pdf", "featured_photo": "ykea/static/images/kongsfjord-divan-gris__0534657_PE649204_S4.JPG", "category": "beds"}}, {"model": "ykea.item", "pk": 2, "fields": {"item_number": "70294339", "name": "LISBA\u00d6FJK", "description": "Table, ash veneer", "price": "99.00", "is_new": false, "size": "140x78 cm", "instructions": "", "featured_photo": "", "category": "table"}}, {"model": "ykea.item", "pk": 3, "fields": {"item_number": "69210208", "name": "ESPEV\u00c4R", "description": "Divan bed, Hafslo medium firm, Talgje beige", "price": "478.00", "is_new": true, "size": "160x200 cm", "instructions": "ykea/static/files/gronlid-estructura-reposabrazos__AA-2053706-1_pub_TBQJ0NZ.pdf", "featured_photo": "ykea/static/images/espevar-base-cama-con-somier-beige__0529852_PE646418_S4.JPG", "category": "beds"}}, {"model": "ykea.item", "pk": 4, "fields": {"item_number": "79902935", "name": "BRIMNES", "description": "Bed frame with storage, white", "price": "119.00", "is_new": true, "size": "140x200 cm", "instructions": "ykea/static/files/gronlid-estructura-reposabrazos__AA-2053706-1_pub_bqY46Ml.pdf", "featured_photo": "ykea/static/images/brimnes-estructura-divan-con-cajones-blanco__0159176_PE315614_S4.JPG", "category": "beds"}}, {"model": "ykea.item", "pk": 5, "fields": {"item_number": "09176165", "name": "MALM", "description": "Bed frame, w 2 storage boxes, white, Leirsund", "price": "319.00", "is_new": true, "size": "140x200 cm", "instructions": "ykea/static/files/gronlid-estructura-reposabrazos__AA-2053706-1_pub_bKEbVNb.pdf", "featured_photo": "ykea/static/images/malm-estruc-cama-alta-cj-blanco__0173793_PE328447_S4.JPG", "category": "beds"}}, {"model": "ykea.item", "pk": 6, "fields": {"item_number": "60340822", "name": "EKEDALEN", "description": "Extendable table, birch", "price": "169.00", "is_new": true, "size": "180x80 cm", "instructions": "ykea/static/files/gronlid-estructura-reposabrazos__AA-2053706-1_pub_gujuT40.pdf", "featured_photo": "ykea/static/images/ekedalen-mesa-extensible__0517423_PE640678_S4.JPG", "category": "table"}}, {"model": "ykea.item", "pk": 7, "fields": {"item_number": "40063632", "name": "DOCKSTA", "description": "Table, white", "price": "199.00", "is_new": true, "size": "105 cm", "instructions": "ykea/static/files/gronlid-estructura-reposabrazos__AA-2053706-1_pub_Tk9p4qI.pdf", "featured_photo": "ykea/static/images/docksta-mesa-blanco__35716_PE126584_S4.JPG", "category": "table"}}, {"model": "ykea.item", "pk": 8, "fields": {"item_number": "40242592", "name": "NORDEN", "description": "Extendable table, birch", "price": "199.00", "is_new": true, "size": "210x90 cm", "instructions": "ykea/static/files/gronlid-estructura-reposabrazos__AA-2053706-1_pub_YcYWrQx.pdf", "featured_photo": "ykea/static/images/norden-mesa-extensible__0206573_PE360691_S4.JPG", "category": "table"}}, {"model": "ykea.item", "pk": 9, "fields": {"item_number": "59256292", "name": "GR\u00d6NLID", "description": "Three-seat sofa, Ljungen light green", "price": "399.00", "is_new": false, "size": "247x98 cm", "instructions": "ykea/static/files/gronlid-estructura-reposabrazos__AA-2053706-1_pub.pdf", "featured_photo": "ykea/static/images/gronlid-sofa-plazas-blanco__0577219_PE668687_S4.JPG", "category": "sofa"}}, {"model": "ykea.item", "pk": 10, "fields": {"item_number": "49129209", "name": "EKTORP", "description": "Three-seat sofa, Nordvalla dark veige", "price": "399.00", "is_new": true, "size": "218x88 cm", "instructions": "ykea/static/files/vimle-struc-mod-chaisel__AA-1964509-2_pub_FyqQUal.pdf", "featured_photo": "ykea/static/images/ektorp-sofa-plazas-colores-variados__0386829_PE559171_S4.JPG", "category": "sofa"}}, {"model": "ykea.item", "pk": 11, "fields": {"item_number": "89257742", "name": "DELAKTIG", "description": "Two-seat sofa, Tallmyra white/black", "price": "649.00", "is_new": true, "size": "149x84 cm", "instructions": "ykea/static/files/vimle-struc-mod-chaisel__AA-1964509-2_pub_cFl8vvz.pdf", "featured_photo": "ykea/static/images/delaktig-sofa-plazas-gris__0581579_PE670413_S4.JPG", "category": "sofa"}}, {"model": "ykea.item", "pk": 12, "fields": {"item_number": "39205331", "name": "VIMLE", "description": "Two-seat sofa, Orrsta golden-yellow", "price": "399.00", "is_new": true, "size": "171x98 cm", "instructions": "files/vimle-struc-mod-chaisel__AA-1964509-2_pub_4HUbJSV.pdf", "featured_photo": "ykea/static/images/vimle_DHBZTgq.JPG", "category": "sofa"}}, {"model": "ykea.shoppingcart", "pk": 0, "fields": {}}, {"model": "ykea.shoppingcart", "pk": 1, "fields": {}}, {"model": "ykea.shoppingcart", "pk": 2, "fields": {}}, {"model": "ykea.shoppingcart", "pk": 3, "fields": {}}, {"model": "ykea.shoppingcart", "pk": 4, "fields": {}}, {"model": "ykea.shoppingcart", "pk": 5, "fields": {}}, {"model": "ykea.shoppingcart", "pk": 6, "fields": {}}, {"model": "ykea.shoppingcart", "pk": 9, "fields": {}}, {"model": "ykea.shoppingcart", "pk": 12, "fields": {}}, {"model": "ykea.shoppingcart", "pk": 13, "fields": {}}, {"model": "ykea.shoppingcart", "pk": 18, "fields": {}}, {"model": "ykea.bill", "pk": 1, "fields": {"user": 1, "total": "0.00"}}, {"model": "ykea.bill", "pk": 2, "fields": {"user": 1, "total": "0.00"}}, {"model": "ykea.bill", "pk": 3, "fields": {"user": 2, "total": "0.00"}}, {"model": "ykea.bill", "pk": 4, "fields": {"user": 2, "total": "0.00"}}, {"model": "ykea.bill", "pk": 5, "fields": {"user": 2, "total": "0.00"}}, {"model": "ykea.bill", "pk": 6, "fields": {"user": 2, "total": "0.00"}}, {"model": "ykea.bill", "pk": 7, "fields": {"user": 2, "total": "0.00"}}, {"model": "ykea.bill", "pk": 8, "fields": {"user": 2, "total": "0.00"}}, {"model": "ykea.bill", "pk": 9, "fields": {"user": 2, "total": "0.00"}}, {"model": "ykea.bill", "pk": 10, "fields": {"user": 2, "total": "1595.00"}}, {"model": "ykea.bill", "pk": 13, "fields": {"user": 2, "total": "4464.00"}}, {"model": "ykea.bill", "pk": 14, "fields": {"user": 2, "total": "956.00"}}, {"model": "ykea.bill", "pk": 15, "fields": {"user": 1, "total": "2976.00"}}, {"model": "ykea.bill", "pk": 16, "fields": {"user": 1, "total": "2976.00"}}, {"model": "ykea.bill", "pk": 17, "fields": {"user": 1, "total": "638.00"}}, {"model": "ykea.bill", "pk": 18, "fields": {"user": 1, "total": "238.00"}}, {"model": "ykea.bill", "pk": 19, "fields": {"user": 1, "total": "119.00"}}, {"model": "ykea.bill", "pk": 20, "fields": {"user": 3, "total": "119.00"}}, {"model": "ykea.bill", "pk": 21, "fields": {"user": 3, "total": "399.00"}}, {"model": "ykea.bill", "pk": 22, "fields": {"user": 3, "total": "1488.00"}}, {"model": "ykea.bill", "pk": 23, "fields": {"user": 3, "total": "119.00"}}, {"model": "ykea.bill", "pk": 24, "fields": {"user": 2, "total": "169.00"}}, {"model": "ykea.bill", "pk": 25, "fields": {"user": 2, "total": "1488.00"}}, {"model": "ykea.itembill", "pk": 1, "fields": {"bill": 5, "item": 1, "quantitat": 1, "subtotal": "1488.00"}}, {"model": "ykea.itembill", "pk": 2, "fields": {"bill": 6, "item": 4, "quantitat": 11, "subtotal": "1309.00"}}, {"model": "ykea.itembill", "pk": 3, "fields": {"bill": 7, "item": 5, "quantitat": 5, "subtotal": "1595.00"}}, {"model": "ykea.itembill", "pk": 4, "fields": {"bill": 8, "item": 5, "quantitat": 5, "subtotal": "1595.00"}}, {"model": "ykea.itembill", "pk": 5, "fields": {"bill": 9, "item": 5, "quantitat": 5, "subtotal": "1595.00"}}, {"model": "ykea.itembill", "pk": 6, "fields": {"bill": 10, "item": 5, "quantitat": 5, "subtotal": "1595.00"}}, {"model": "ykea.itembill", "pk": 9, "fields": {"bill": 13, "item": 1, "quantitat": 3, "subtotal": "4464.00"}}, {"model": "ykea.itembill", "pk": 10, "fields": {"bill": 14, "item": 3, "quantitat": 2, "subtotal": "956.00"}}, {"model": "ykea.itembill", "pk": 11, "fields": {"bill": 15, "item": 3, "quantitat": 3, "subtotal": "1434.00"}}, {"model": "ykea.itembill", "pk": 12, "fields": {"bill": 15, "item": 1, "quantitat": 2, "subtotal": "2976.00"}}, {"model": "ykea.itembill", "pk": 13, "fields": {"bill": 16, "item": 1, "quantitat": 2, "subtotal": "2976.00"}}, {"model": "ykea.itembill", "pk": 14, "fields": {"bill": 17, "item": 5, "quantitat": 2, "subtotal": "638.00"}}, {"model": "ykea.itembill", "pk": 15, "fields": {"bill": 18, "item": 4, "quantitat": 2, "subtotal": "238.00"}}, {"model": "ykea.itembill", "pk": 16, "fields": {"bill": 19, "item": 4, "quantitat": 1, "subtotal": "119.00"}}, {"model": "ykea.itembill", "pk": 17, "fields": {"bill": 20, "item": 4, "quantitat": 1, "subtotal": "119.00"}}, {"model": "ykea.itembill", "pk": 18, "fields": {"bill": 21, "item": 9, "quantitat": 1, "subtotal": "399.00"}}, {"model": "ykea.itembill", "pk": 19, "fields": {"bill": 22, "item": 1, "quantitat": 1, "subtotal": "1488.00"}}, {"model": "ykea.itembill", "pk": 20, "fields": {"bill": 23, "item": 4, "quantitat": 1, "subtotal": "119.00"}}, {"model": "ykea.itembill", "pk": 21, "fields": {"bill": 24, "item": 6, "quantitat": 1, "subtotal": "169.00"}}, {"model": "ykea.itembill", "pk": 22, "fields": {"bill": 25, "item": 1, "quantitat": 1, "subtotal": "1488.00"}}, {"model": "contenttypes.contenttype", "pk": 1, "fields": {"app_label": "ykea", "model": "wallet"}}, {"model": "contenttypes.contenttype", "pk": 2, "fields": {"app_label": "ykea", "model": "item"}}, {"model": "contenttypes.contenttype", "pk": 3, "fields": {"app_label": "ykea", "model": "shoppingcart"}}, {"model": "contenttypes.contenttype", "pk": 4, "fields": {"app_label": "ykea", "model": "quantity"}}, {"model": "contenttypes.contenttype", "pk": 5, "fields": {"app_label": "ykea", "model": "bill"}}, {"model": "contenttypes.contenttype", "pk": 6, "fields": {"app_label": "ykea", "model": "shoppingcounter"}}, {"model": "contenttypes.contenttype", "pk": 7, "fields": {"app_label": "admin", "model": "logentry"}}, {"model": "contenttypes.contenttype", "pk": 8, "fields": {"app_label": "auth", "model": "permission"}}, {"model": "contenttypes.contenttype", "pk": 9, "fields": {"app_label": "auth", "model": "group"}}, {"model": "contenttypes.contenttype", "pk": 10, "fields": {"app_label": "auth", "model": "user"}}, {"model": "contenttypes.contenttype", "pk": 11, "fields": {"app_label": "contenttypes", "model": "contenttype"}}, {"model": "contenttypes.contenttype", "pk": 12, "fields": {"app_label": "sessions", "model": "session"}}, {"model": "contenttypes.contenttype", "pk": 13, "fields": {"app_label": "ykea", "model": "itembill"}}, {"model": "contenttypes.contenttype", "pk": 14, "fields": {"app_label": "ykea", "model": "snippet"}}, {"model": "sessions.session", "pk": "2gbudvn4myidcq56mqdtew4u1pmjabny", "fields": {"session_data": "NTk5MjZlODQzZDI2ZGQ1ZGI0OTE5MDE4NjA1MTA5MDczYzVlZTg3ZDp7Il9hdXRoX3VzZXJfaWQiOiIzIiwiX2F1dGhfdXNlcl9iYWNrZW5kIjoiZGphbmdvLmNvbnRyaWIuYXV0aC5iYWNrZW5kcy5Nb2RlbEJhY2tlbmQiLCJfYXV0aF91c2VyX2hhc2giOiI3ZmQxNDg4OWYyYWY5OTNkNmQwNjRiMDliOTRkZWMyNmFlMzBmZGNlIn0=", "expire_date": "2018-06-03T15:12:56.680Z"}}, {"model": "sessions.session", "pk": "gi9wwtjueecg5ac1rdl0x1symgsu1bh3", "fields": {"session_data": "ZDg5NWI4Nzk5YmJjZWEzNTYxYWViZGRmOGQxYjQ3ZWQyYmI0ZTNjYzp7Il9hdXRoX3VzZXJfYmFja2VuZCI6ImRqYW5nby5jb250cmliLmF1dGguYmFja2VuZHMuTW9kZWxCYWNrZW5kIiwiX2F1dGhfdXNlcl9oYXNoIjoiNWVkMDM1MmExNzVkNWViZDc0YTY0OWU3YWQwMDM5OTFmMjA4NjMxMyIsIl9hdXRoX3VzZXJfaWQiOiIxIn0=", "expire_date": "2018-06-06T16:28:18.104Z"}}, {"model": "sessions.session", "pk": "ioc5cj5johetjk1zryxd0fkn114p5q3j", "fields": {"session_data": "ZDQzNTQzYjMxOTMyM2ZhNzM0ZjY3ZDI0ZDZlZjEyZjMxMDdiOTIxYTp7Il9hdXRoX3VzZXJfYmFja2VuZCI6ImRqYW5nby5jb250cmliLmF1dGguYmFja2VuZHMuTW9kZWxCYWNrZW5kIiwiX2F1dGhfdXNlcl9oYXNoIjoiMDgyZjE1MGM4NTRlZTAyOTA0YmViNGY0OTA4MmY5NjlmOTgxMjAyMCIsIl9hdXRoX3VzZXJfaWQiOiIxIn0=", "expire_date": "2018-05-30T15:12:42.794Z"}}, {"model": "sessions.session", "pk": "vj7muzbpklht2p5jr71onmdk7g3g93r7", "fields": {"session_data": "NzIyM2E3ODIzNjAzYmNjMGQ4YmNhYzlmNjM2NWQwY2U2MzdjNGMxYzp7Il9hdXRoX3VzZXJfYmFja2VuZCI6ImRqYW5nby5jb250cmliLmF1dGguYmFja2VuZHMuTW9kZWxCYWNrZW5kIiwiX2F1dGhfdXNlcl9pZCI6IjEiLCJfYXV0aF91c2VyX2hhc2giOiJlMDMwMTM0NzY5MjlhZmFmZWQ1ZDExNjhmMjA5YjNmMTdkNzgxMjQzIn0=", "expire_date": "2018-05-29T13:41:35.981Z"}}, {"model": "sessions.session", "pk": "yo8xjdm1gig7z0w994irdv55oev6kmho", "fields": {"session_data": "YzcwMjE1ZWFlNjhjNTIxMjg1M2FmYThjZjUyN2UwMGFhOTJiMTE5Zjp7Il9hdXRoX3VzZXJfaWQiOiIxIiwiX2F1dGhfdXNlcl9oYXNoIjoiNWVkMDM1MmExNzVkNWViZDc0YTY0OWU3YWQwMDM5OTFmMjA4NjMxMyIsIl9hdXRoX3VzZXJfYmFja2VuZCI6ImRqYW5nby5jb250cmliLmF1dGguYmFja2VuZHMuTW9kZWxCYWNrZW5kIn0=", "expire_date": "2018-06-06T15:23:26.268Z"}}, {"model": "auth.permission", "pk": 1, "fields": {"name": "Can add wallet", "content_type": 1, "codename": "add_wallet"}}, {"model": "auth.permission", "pk": 2, "fields": {"name": "Can change wallet", "content_type": 1, "codename": "change_wallet"}}, {"model": "auth.permission", "pk": 3, "fields": {"name": "Can delete wallet", "content_type": 1, "codename": "delete_wallet"}}, {"model": "auth.permission", "pk": 4, "fields": {"name": "Can add item", "content_type": 2, "codename": "add_item"}}, {"model": "auth.permission", "pk": 5, "fields": {"name": "Can change item", "content_type": 2, "codename": "change_item"}}, {"model": "auth.permission", "pk": 6, "fields": {"name": "Can delete item", "content_type": 2, "codename": "delete_item"}}, {"model": "auth.permission", "pk": 7, "fields": {"name": "Can add shoppingcart", "content_type": 3, "codename": "add_shoppingcart"}}, {"model": "auth.permission", "pk": 8, "fields": {"name": "Can change shoppingcart", "content_type": 3, "codename": "change_shoppingcart"}}, {"model": "auth.permission", "pk": 9, "fields": {"name": "Can delete shoppingcart", "content_type": 3, "codename": "delete_shoppingcart"}}, {"model": "auth.permission", "pk": 10, "fields": {"name": "Can add quantity", "content_type": 4, "codename": "add_quantity"}}, {"model": "auth.permission", "pk": 11, "fields": {"name": "Can change quantity", "content_type": 4, "codename": "change_quantity"}}, {"model": "auth.permission", "pk": 12, "fields": {"name": "Can delete quantity", "content_type": 4, "codename": "delete_quantity"}}, {"model": "auth.permission", "pk": 13, "fields": {"name": "Can add bill", "content_type": 5, "codename": "add_bill"}}, {"model": "auth.permission", "pk": 14, "fields": {"name": "Can change bill", "content_type": 5, "codename": "change_bill"}}, {"model": "auth.permission", "pk": 15, "fields": {"name": "Can delete bill", "content_type": 5, "codename": "delete_bill"}}, {"model": "auth.permission", "pk": 16, "fields": {"name": "Can add shopping counter", "content_type": 6, "codename": "add_shoppingcounter"}}, {"model": "auth.permission", "pk": 17, "fields": {"name": "Can change shopping counter", "content_type": 6, "codename": "change_shoppingcounter"}}, {"model": "auth.permission", "pk": 18, "fields": {"name": "Can delete shopping counter", "content_type": 6, "codename": "delete_shoppingcounter"}}, {"model": "auth.permission", "pk": 19, "fields": {"name": "Can add log entry", "content_type": 7, "codename": "add_logentry"}}, {"model": "auth.permission", "pk": 20, "fields": {"name": "Can change log entry", "content_type": 7, "codename": "change_logentry"}}, {"model": "auth.permission", "pk": 21, "fields": {"name": "Can delete log entry", "content_type": 7, "codename": "delete_logentry"}}, {"model": "auth.permission", "pk": 22, "fields": {"name": "Can add permission", "content_type": 8, "codename": "add_permission"}}, {"model": "auth.permission", "pk": 23, "fields": {"name": "Can change permission", "content_type": 8, "codename": "change_permission"}}, {"model": "auth.permission", "pk": 24, "fields": {"name": "Can delete permission", "content_type": 8, "codename": "delete_permission"}}, {"model": "auth.permission", "pk": 25, "fields": {"name": "Can add group", "content_type": 9, "codename": "add_group"}}, {"model": "auth.permission", "pk": 26, "fields": {"name": "Can change group", "content_type": 9, "codename": "change_group"}}, {"model": "auth.permission", "pk": 27, "fields": {"name": "Can delete group", "content_type": 9, "codename": "delete_group"}}, {"model": "auth.permission", "pk": 28, "fields": {"name": "Can add user", "content_type": 10, "codename": "add_user"}}, {"model": "auth.permission", "pk": 29, "fields": {"name": "Can change user", "content_type": 10, "codename": "change_user"}}, {"model": "auth.permission", "pk": 30, "fields": {"name": "Can delete user", "content_type": 10, "codename": "delete_user"}}, {"model": "auth.permission", "pk": 31, "fields": {"name": "Can add content type", "content_type": 11, "codename": "add_contenttype"}}, {"model": "auth.permission", "pk": 32, "fields": {"name": "Can change content type", "content_type": 11, "codename": "change_contenttype"}}, {"model": "auth.permission", "pk": 33, "fields": {"name": "Can delete content type", "content_type": 11, "codename": "delete_contenttype"}}, {"model": "auth.permission", "pk": 34, "fields": {"name": "Can add session", "content_type": 12, "codename": "add_session"}}, {"model": "auth.permission", "pk": 35, "fields": {"name": "Can change session", "content_type": 12, "codename": "change_session"}}, {"model": "auth.permission", "pk": 36, "fields": {"name": "Can delete session", "content_type": 12, "codename": "delete_session"}}, {"model": "auth.permission", "pk": 37, "fields": {"name": "Can add item bill", "content_type": 13, "codename": "add_itembill"}}, {"model": "auth.permission", "pk": 38, "fields": {"name": "Can change item bill", "content_type": 13, "codename": "change_itembill"}}, {"model": "auth.permission", "pk": 39, "fields": {"name": "Can delete item bill", "content_type": 13, "codename": "delete_itembill"}}, {"model": "auth.permission", "pk": 40, "fields": {"name": "Can add snippet", "content_type": 14, "codename": "add_snippet"}}, {"model": "auth.permission", "pk": 41, "fields": {"name": "Can change snippet", "content_type": 14, "codename": "change_snippet"}}, {"model": "auth.permission", "pk": 42, "fields": {"name": "Can delete snippet", "content_type": 14, "codename": "delete_snippet"}}, {"model": "auth.group", "pk": 1, "fields": {"name": "Commercial", "permissions": [4, 5, 6, 40, 41, 42]}}, {"model": "auth.user", "pk": 1, "fields": {"password": "pbkdf2_sha256$36000$hYL3V1jA6Yqf$SnEVAXGm7ysPuoiFxEmk4sIsi7wLzE0N1lrwPX/VjvA=", "last_login": "2018-05-26T11:41:00.369Z", "is_superuser": true, "username": "avancells", "first_name": "", "last_name": "", "email": "hzover30@gmail.com", "is_staff": true, "is_active": true, "date_joined": "2018-05-13T10:25:23.295Z", "groups": [], "user_permissions": []}}, {"model": "auth.user", "pk": 2, "fields": {"password": "pbkdf2_sha256$36000$OKGOnMwSedFF$FLR6qrHl3MbA+O/yXhx2fUVlBYYfJ4Oph8fEkbsKzdk=", "last_login": "2018-05-26T11:32:56.001Z", "is_superuser": false, "username": "miquel", "first_name": "", "last_name": "", "email": "", "is_staff": false, "is_active": true, "date_joined": "2018-05-13T10:31:22.686Z", "groups": [], "user_permissions": []}}, {"model": "auth.user", "pk": 3, "fields": {"password": "pbkdf2_sha256$36000$zkl5Oe8cVNb9$JrjCCSDNFm/Njkn150k2YGMK3bBRvUzyZPNnM7HATQU=", "last_login": "2018-05-20T15:12:56.626Z", "is_superuser": false, "username": "martu", "first_name": "", "last_name": "", "email": "", "is_staff": false, "is_active": true, "date_joined": "2018-05-15T13:35:14Z", "groups": [1], "user_permissions": []}}, {"model": "admin.logentry", "pk": 1, "fields": {"action_time": "2018-05-13T10:38:58.954Z", "user": 1, "content_type": 3, "object_id": "1", "object_repr": "Shoppingcart object", "action_flag": 1, "change_message": "[{\"added\": {}}]"}}, {"model": "admin.logentry", "pk": 2, "fields": {"action_time": "2018-05-13T10:39:01.988Z", "user": 1, "content_type": 5, "object_id": "1", "object_repr": "Bill object", "action_flag": 1, "change_message": "[{\"added\": {}}]"}}, {"model": "admin.logentry", "pk": 3, "fields": {"action_time": "2018-05-13T10:51:16.311Z", "user": 1, "content_type": 3, "object_id": "2", "object_repr": "Shoppingcart object", "action_flag": 1, "change_message": "[{\"added\": {}}]"}}, {"model": "admin.logentry", "pk": 4, "fields": {"action_time": "2018-05-13T10:51:22.732Z", "user": 1, "content_type": 5, "object_id": "2", "object_repr": "Bill object", "action_flag": 1, "change_message": "[{\"added\": {}}]"}}, {"model": "admin.logentry", "pk": 5, "fields": {"action_time": "2018-05-13T11:00:22.126Z", "user": 1, "content_type": 1, "object_id": "2", "object_repr": "Wallet object", "action_flag": 1, "change_message": "[{\"added\": {}}]"}}, {"model": "admin.logentry", "pk": 6, "fields": {"action_time": "2018-05-16T14:42:49.930Z", "user": 1, "content_type": 2, "object_id": "12", "object_repr": "[**NEW**][sofa] [39205331] VIMLE - Two-seat sofa, Orrsta golden-yellow (171x98 cm) : 399.00 \u20ac", "action_flag": 2, "change_message": "[{\"changed\": {\"fields\": [\"instructions\", \"featured_photo\"]}}]"}}, {"model": "admin.logentry", "pk": 7, "fields": {"action_time": "2018-05-16T15:17:31.314Z", "user": 1, "content_type": 2, "object_id": "12", "object_repr": "[**NEW**][sofa] [39205331] VIMLE - Two-seat sofa, Orrsta golden-yellow (171x98 cm) : 399.00 \u20ac", "action_flag": 2, "change_message": "[{\"changed\": {\"fields\": [\"instructions\", \"featured_photo\"]}}]"}}, {"model": "admin.logentry", "pk": 8, "fields": {"action_time": "2018-05-16T15:20:34.441Z", "user": 1, "content_type": 2, "object_id": "12", "object_repr": "[**NEW**][sofa] [39205331] VIMLE - Two-seat sofa, Orrsta golden-yellow (171x98 cm) : 399.00 \u20ac", "action_flag": 2, "change_message": "[{\"changed\": {\"fields\": [\"instructions\", \"featured_photo\"]}}]"}}, {"model": "admin.logentry", "pk": 9, "fields": {"action_time": "2018-05-16T15:21:29.507Z", "user": 1, "content_type": 2, "object_id": "12", "object_repr": "[**NEW**][sofa] [39205331] VIMLE - Two-seat sofa, Orrsta golden-yellow (171x98 cm) : 399.00 \u20ac", "action_flag": 2, "change_message": "[{\"changed\": {\"fields\": [\"instructions\", \"featured_photo\"]}}]"}}, {"model": "admin.logentry", "pk": 10, "fields": {"action_time": "2018-05-16T15:39:54.546Z", "user": 1, "content_type": 2, "object_id": "12", "object_repr": "[**NEW**][sofa] [39205331] VIMLE - Two-seat sofa, Orrsta golden-yellow (171x98 cm) : 399.00 \u20ac", "action_flag": 2, "change_message": "[{\"changed\": {\"fields\": [\"instructions\", \"featured_photo\"]}}]"}}, {"model": "admin.logentry", "pk": 11, "fields": {"action_time": "2018-05-16T15:59:21.070Z", "user": 1, "content_type": 2, "object_id": "11", "object_repr": "[**NEW**][sofa] [89257742] DELAKTIG - Two-seat sofa, Tallmyra white/black (149x84 cm) : 649.00 \u20ac", "action_flag": 2, "change_message": "[{\"changed\": {\"fields\": [\"instructions\", \"featured_photo\"]}}]"}}, {"model": "admin.logentry", "pk": 12, "fields": {"action_time": "2018-05-16T16:01:12.569Z", "user": 1, "content_type": 2, "object_id": "12", "object_repr": "[**NEW**][sofa] [39205331] VIMLE - Two-seat sofa, Orrsta golden-yellow (171x98 cm) : 399.00 \u20ac", "action_flag": 2, "change_message": "[{\"changed\": {\"fields\": [\"instructions\", \"featured_photo\"]}}]"}}, {"model": "admin.logentry", "pk": 13, "fields": {"action_time": "2018-05-16T16:07:23.574Z", "user": 1, "content_type": 2, "object_id": "11", "object_repr": "[**NEW**][sofa] [89257742] DELAKTIG - Two-seat sofa, Tallmyra white/black (149x84 cm) : 649.00 \u20ac", "action_flag": 2, "change_message": "[{\"changed\": {\"fields\": [\"instructions\", \"featured_photo\"]}}]"}}, {"model": "admin.logentry", "pk": 14, "fields": {"action_time": "2018-05-16T16:24:47.536Z", "user": 1, "content_type": 2, "object_id": "11", "object_repr": "[**NEW**][sofa] [89257742] DELAKTIG - Two-seat sofa, Tallmyra white/black (149x84 cm) : 649.00 \u20ac", "action_flag": 2, "change_message": "[{\"changed\": {\"fields\": [\"instructions\", \"featured_photo\"]}}]"}}, {"model": "admin.logentry", "pk": 15, "fields": {"action_time": "2018-05-16T16:25:33.783Z", "user": 1, "content_type": 2, "object_id": "12", "object_repr": "[**NEW**][sofa] [39205331] VIMLE - Two-seat sofa, Orrsta golden-yellow (171x98 cm) : 399.00 \u20ac", "action_flag": 2, "change_message": "[{\"changed\": {\"fields\": [\"featured_photo\"]}}]"}}, {"model": "admin.logentry", "pk": 16, "fields": {"action_time": "2018-05-16T16:29:01.768Z", "user": 1, "content_type": 2, "object_id": "10", "object_repr": "[**NEW**][sofa] [49129209] EKTORP - Three-seat sofa, Nordvalla dark veige (218x88 cm) : 399.00 \u20ac", "action_flag": 2, "change_message": "[{\"changed\": {\"fields\": [\"instructions\", \"featured_photo\"]}}]"}}, {"model": "admin.logentry", "pk": 17, "fields": {"action_time": "2018-05-16T16:29:12.556Z", "user": 1, "content_type": 2, "object_id": "9", "object_repr": "[sofa] [59256292] GR\u00d6NLID - Three-seat sofa, Ljungen light green (247x98 cm) : 399.00 \u20ac", "action_flag": 2, "change_message": "[{\"changed\": {\"fields\": [\"instructions\", \"featured_photo\"]}}]"}}, {"model": "admin.logentry", "pk": 18, "fields": {"action_time": "2018-05-17T11:51:31.224Z", "user": 1, "content_type": 2, "object_id": "10", "object_repr": "[**NEW**][sofa] [49129209] EKTORP - Three-seat sofa, Nordvalla dark veige (218x88 cm) : 399.00 \u20ac", "action_flag": 2, "change_message": "[{\"changed\": {\"fields\": [\"instructions\", \"featured_photo\"]}}]"}}, {"model": "admin.logentry", "pk": 19, "fields": {"action_time": "2018-05-17T11:53:27.345Z", "user": 1, "content_type": 2, "object_id": "9", "object_repr": "[sofa] [59256292] GR\u00d6NLID - Three-seat sofa, Ljungen light green (247x98 cm) : 399.00 \u20ac", "action_flag": 2, "change_message": "[{\"changed\": {\"fields\": [\"instructions\", \"featured_photo\"]}}]"}}, {"model": "admin.logentry", "pk": 20, "fields": {"action_time": "2018-05-17T11:54:01.525Z", "user": 1, "content_type": 2, "object_id": "8", "object_repr": "[**NEW**][table] [40242592] NORDEN - Extendable table, birch (210x90 cm) : 199.00 \u20ac", "action_flag": 2, "change_message": "[{\"changed\": {\"fields\": [\"instructions\", \"featured_photo\"]}}]"}}, {"model": "admin.logentry", "pk": 21, "fields": {"action_time": "2018-05-17T11:54:31.731Z", "user": 1, "content_type": 2, "object_id": "7", "object_repr": "[**NEW**][table] [40063632] DOCKSTA - Table, white (105 cm) : 199.00 \u20ac", "action_flag": 2, "change_message": "[{\"changed\": {\"fields\": [\"instructions\", \"featured_photo\"]}}]"}}, {"model": "admin.logentry", "pk": 22, "fields": {"action_time": "2018-05-17T11:55:07.547Z", "user": 1, "content_type": 2, "object_id": "6", "object_repr": "[**NEW**][table] [60340822] EKEDALEN - Extendable table, birch (180x80 cm) : 169.00 \u20ac", "action_flag": 2, "change_message": "[{\"changed\": {\"fields\": [\"instructions\", \"featured_photo\"]}}]"}}, {"model": "admin.logentry", "pk": 23, "fields": {"action_time": "2018-05-17T11:55:52.373Z", "user": 1, "content_type": 2, "object_id": "5", "object_repr": "[**NEW**][beds] [09176165] MALM - Bed frame, w 2 storage boxes, white, Leirsund (140x200 cm) : 319.00 \u20ac", "action_flag": 2, "change_message": "[{\"changed\": {\"fields\": [\"instructions\", \"featured_photo\"]}}]"}}, {"model": "admin.logentry", "pk": 24, "fields": {"action_time": "2018-05-17T11:56:41.645Z", "user": 1, "content_type": 2, "object_id": "4", "object_repr": "[**NEW**][beds] [79902935] BRIMNES - Bed frame with storage, white (140x200 cm) : 119.00 \u20ac", "action_flag": 2, "change_message": "[{\"changed\": {\"fields\": [\"instructions\", \"featured_photo\"]}}]"}}, {"model": "admin.logentry", "pk": 25, "fields": {"action_time": "2018-05-17T11:57:45.934Z", "user": 1, "content_type": 2, "object_id": "3", "object_repr": "[**NEW**][beds] [69210208] ESPEV\u00c4R - Divan bed, Hafslo medium firm, Talgje beige (160x200 cm) : 478.00 \u20ac", "action_flag": 2, "change_message": "[{\"changed\": {\"fields\": [\"instructions\", \"featured_photo\"]}}]"}}, {"model": "admin.logentry", "pk": 26, "fields": {"action_time": "2018-05-17T11:58:54.410Z", "user": 1, "content_type": 2, "object_id": "1", "object_repr": "[**NEW**][beds] [09186777] KONGSWDFJORD - Divan bed, Hyllestad firm, Tustna dark grey (160x200 cm) : 1488.00 \u20ac", "action_flag": 2, "change_message": "[{\"changed\": {\"fields\": [\"instructions\", \"featured_photo\"]}}]"}}, {"model": "admin.logentry", "pk": 27, "fields": {"action_time": "2018-05-20T14:52:18.418Z", "user": 1, "content_type": 9, "object_id": "1", "object_repr": "Comercial", "action_flag": 1, "change_message": "[{\"added\": {}}]"}}, {"model": "admin.logentry", "pk": 28, "fields": {"action_time": "2018-05-20T14:52:38.566Z", "user": 1, "content_type": 10, "object_id": "3", "object_repr": "martu", "action_flag": 2, "change_message": "[{\"changed\": {\"fields\": [\"groups\"]}}]"}}, {"model": "admin.logentry", "pk": 29, "fields": {"action_time": "2018-05-20T14:52:56.013Z", "user": 1, "content_type": 10, "object_id": "3", "object_repr": "martu", "action_flag": 2, "change_message": "[{\"changed\": {\"fields\": [\"is_staff\"]}}]"}}, {"model": "admin.logentry", "pk": 30, "fields": {"action_time": "2018-05-20T14:53:54.676Z", "user": 1, "content_type": 9, "object_id": "1", "object_repr": "Commercial", "action_flag": 2, "change_message": "[{\"changed\": {\"fields\": [\"name\"]}}]"}}, {"model": "admin.logentry", "pk": 31, "fields": {"action_time": "2018-05-20T15:04:46.933Z", "user": 1, "content_type": 10, "object_id": "3", "object_repr": "martu", "action_flag": 2, "change_message": "[{\"changed\": {\"fields\": [\"is_staff\"]}}]"}}, {"model": "ykea.wallet", "pk": 1, "fields": {"user": 2, "money": 5.0}}, {"model": "ykea.wallet", "pk": 2, "fields": {"user": 1, "money": 81873.0}}, {"model": "ykea.wallet", "pk": 3, "fields": {"user": 3, "money": 363.0}}]